{
	"pages": [ //pages数组中第一项表示应用启动页，参考：https://uniapp.dcloud.io/collocation/pages
		{
			"path": "pages/index/index",
			"style": {
				"navigationBarTitleText": "聚点商城",
				"app-plus": {  
					"titleNView": false //禁用原生导航栏  
				}
			}
		},
		{
			"path": "pages/login/index",
			"style": {
				"navigationBarTitleText": "登录"
			}
		},
		{
			"path": "pages/information/index",
			"style": {
				"navigationBarTitleText": "资讯"
			}
		},
		{
			"path": "pages/market/index",
			"style": {
				"navigationBarTitleText": "行情" 
			}
		},
		{
			"path": "pages/mine/index",
			"style": {
				"navigationBarTitleText": "我的",
				"navigationBarBackgroundColor":"#FFFFFF"
			}
		},
		{
			"path": "pages/workbench/index",
			"style": {
				"navigationBarTitleText": "工作台"
			}
		},
		{
			"path": "pages/mine/webview/index",
			"style": {
				"navigationBarTitleText": "webview"
			}
		},
		{
			"path": "pages/mine/set/index",
			"style": {
				"navigationBarTitleText": "设置"
			}
		},
		{
			"path": "pages/mine/integral/index",
			"style": {
				"navigationBarTitleText": "积分商城"
			}
		}
	],
	"globalStyle": {
		"navigationBarTextStyle": "black",
		"navigationBarTitleText": "聚点商城",
		"navigationBarBackgroundColor": "#F8F8F8",
		"backgroundColor": "#F8F8F8",
		"enablePullDownRefresh": true
	},
	
	"tabBar" : {
		"color" : "#8a8396",
		"selectedColor" : "#2a4c7e",
		"borderStyle" : "black",
		"backgroundColor" : "#fff",
		"list" : [
			{
				"pagePath" : "pages/index/index",
				"iconPath" : "static/common_tab_icon_home_normal@2x.png",
				"selectedIconPath" : "static/common_tab_icon_home_p@2x.png",
				"text" : "首页"
			},
			{
				"pagePath" : "pages/market/index",
				"iconPath" : "static/market.png",
				"selectedIconPath" : "static/market-active.png",
				"text" : "行情"
			},
			{
				"pagePath" : "pages/workbench/index",
				"iconPath" : "static/common_tab_icon_work_normal@2x.png",
				"selectedIconPath" : "static/common_tab_icon_work_p@2x.png",
				"text" : "工作台"
			},
			{
				"pagePath" : "pages/information/index",
				"iconPath" : "static/common_tab_icon_information_n@2x.png",
				"selectedIconPath" : "static/common_tab_icon_information_p@2x.png",
				"text" : "资讯"
			},
			{
				"pagePath" : "pages/mine/index",
				"iconPath" : "static/common_tab_icon_me_normal@2x.png",
				"selectedIconPath" : "static/common_tab_icon_me_p@2x.png",
				"text" : "我的"
			}
		]
	}
}
